{"lr":0.0002,"steps_per_sec":2.9060602320745095,"custom/gpu_mem_gb":3.705078125,"_wandb":{"runtime":53751},"_runtime":53751.2893531,"loss":0.06508204340934753,"_timestamp":1.7801099096817453e+09,"epoch":199,"samples":{"sha256":"8d3db910ec31a19038465bbf70b31a7331055062e8715263a0e9163199e5c421","size":26513,"path":"media/images/samples_155000_8d3db910ec31a1903846.png","format":"png","width":138,"height":138,"_type":"image-file"},"_step":156200}