{"samples":{"format":"png","height":138,"path":"media/images/samples_70000_abdff3dbf7a085ede654.png","sha256":"abdff3dbf7a085ede654e85c2e32885ec416cb61e305d1b11846a1396d76ae78","size":36574,"width":138,"_type":"image-file"},"_wandb":{"runtime":28005},"epoch":89,"_runtime":28005,"loss":0.030027544125914577,"_timestamp":1.779832240315723e+09,"_step":70000,"steps_per_sec":2.8764249659350987,"lr":0.0002}