{"samples":{"width":138,"height":138,"_type":"image-file","sha256":"897923b92eb1d513d4ca0aa4c129aac217e0f18066fb15fbd4bf9637fdc134ff","size":1610,"path":"media/images/samples_5000_897923b92eb1d513d4ca.png","format":"png"},"loss":0.033559639006853104,"_timestamp":1.779798433926799e+09,"lr":0.0002,"epoch":10,"steps_per_sec":3.4312420047803696,"_step":5050,"_wandb":{"runtime":1476},"_runtime":1476.853274}