{"loss":0.014550823718309402,"samples":{"sha256":"b8887c70bf5e08eed593bee9033980b2d0e7f6719db829709df1ce8977db4ce6","size":12598,"path":"media/images/samples_23000_b8887c70bf5e08eed593.png","format":"png","width":138,"height":138,"_type":"image-file"},"_runtime":5917.4120849,"_step":23400,"epoch":49,"_wandb":{"runtime":5917},"steps_per_sec":3.954963134430129,"_timestamp":1.7797130040769544e+09,"lr":0.0002}