{"_wandb":{"runtime":6849},"loss":0.02478119730949402,"lr":0.0002,"samples":{"_type":"image-file","sha256":"d94e8e3aee654c97f3d9f8995769efdd592968a237e1356aff0e8eb5c2dcd397","size":11678,"path":"media/images/samples_23000_d94e8e3aee654c97f3d9.png","format":"png","width":138,"height":138},"_timestamp":1.7798038283858087e+09,"_runtime":6849.9088222,"epoch":49,"steps_per_sec":3.396668052344782,"_step":23250}