{"_step":23400,"steps_per_sec":2.0118256473748612,"samples":{"height":138,"_type":"image-file","sha256":"6638c79e5fa5065a7a389aaf907c756738aa4d7c4aaca88716ef8dfdc3581560","size":12830,"path":"media/images/samples_23000_6638c79e5fa5065a7a38.png","format":"png","width":138},"_timestamp":1.7797755423985124e+09,"_runtime":11632.1505661,"loss":0.025144964456558228,"lr":0.0002,"_wandb":{"runtime":11632},"epoch":49}