{"_runtime":24400.5180795,"loss":0.030027544125914574,"_step":70000,"samples":{"format":"png","width":138,"height":138,"_type":"image-file","sha256":"abdff3dbf7a085ede654e85c2e32885ec416cb61e305d1b11846a1396d76ae78","size":36574,"path":"media/images/samples_70000_abdff3dbf7a085ede654.png"},"epoch":89,"_timestamp":1.779832240315723e+09,"lr":0.0002,"_wandb":{"runtime":24400},"steps_per_sec":2.8764249659350987}