{"_step":156200,"loss":0.064948171377182,"lr":0.0002,"_timestamp":1.7800168037624059e+09,"epoch":199,"custom/gpu_mem_gb":3.703125,"samples":{"path":"media/images/samples_155000_f992826544d2e49543b2.png","format":"png","width":138,"height":138,"_type":"image-file","sha256":"f992826544d2e49543b29ae09c3891886fea25b482f77b42f8fb03c4165ad567","size":26405},"steps_per_sec":2.85673861145988,"_wandb":{"runtime":54678},"_runtime":54678.4951838}