{"epoch":199,"custom/gpu_mem_gb":4.205078125,"samples":{"height":138,"_type":"image-file","sha256":"c65660a8d917805f9c633bcad4e7c37ca089cfe3cac7230490a7ceac3c71ca3c","size":35508,"path":"media/images/samples_155000_c65660a8d917805f9c63.png","format":"png","width":138},"_wandb":{"runtime":62124},"steps_per_sec":2.815238567792564,"_runtime":62124.0744037,"_timestamp":1.7799282487481432e+09,"lr":0.0002,"_step":156000,"loss":0.028534529730677605}